alias Luca_Lista Luca Lista <luca.lista@na.infn.it>

alias Greg_Hinkle Greg Hinkle <greg.s.hinkle@gmail.com>
alias Ryan_Bellshaw  Ryan Bellshaw <rynodye@gmail.com>
alias Kevin_Early Kevin Early <kearly500@gmail.com>
alias Spencer_Nance Spencer Nance <phoenixild@gmail.com>
alias Joel_McWilliams Joel McWilliams <joelmcwilliams@gmail.com>
alias Scott_Beardsley Scott Beardsley <scott@cse.ucdavis.edu>
alias conway John Conway <conway@PHYSICS.UCDAVIS.EDU>
alias kristen.schroer Kristen Schroer <kristen.schroer@gmail.com>
alias michal.bluj Michal Bluj <michal.bluj@cern.ch>
alias benedikt.hegner Benedikt Hegner <benedikt.hegner@cern.ch>
alias roger.wolf Roger Wolf <roger.wolf@cern.ch>
alias andrea.rizzi Andrea Rizzi <andrea.rizzi@cern.ch>
alias david.lange David Lange <David.Lange@cern.ch>
alias simone.gennai Simone Gennai <simone.gennai@cern.ch>
alias colin.bernet Colin Bernet <colin.bernet@cern.ch>
alias david.pellett \"David E. Pellett\" <pellett@physics.ucdavis.edu>
